[
  {
    "id": 1,
    "nombre": "Jesus1",
    "empresa": "Cule pro",
    "trabajo": "Desarrollador1"
  },
  {
    "id": 2,
    "nombre": "Jesus2",
    "empresa": "Cule pro",
    "trabajo": "Desarrollador2"
  },
  {
    "id": 3,
    "nombre": "Jesus3",
    "empresa": "Cule pro",
    "trabajo": "Desarrollador3"
  },
  {
    "id": 4,
    "nombre": "Jesus4",
    "empresa": "Cule pro",
    "trabajo": "Desarrollador4"
  },
  {
    "id": 5,
    "nombre": "Jesus5",
    "empresa": "Cule pro",
    "trabajo": "Desarrollador5"
  }
]
